{
  "timestamp": "2025-12-29 01:57:07.008630",
  "authentic": true,
  "SPY": 690.3099975585938,
  "QQQ": 623.8900146484375,
  "n_real": 30,
  "real_tickers": [
    "SPY",
    "QQQ",
    "IWM",
    "DIA",
    "TLT",
    "GLD",
    "SLV",
    "VTI",
    "VOO",
    "TIP",
    "AAPL",
    "MSFT",
    "AMZN",
    "GOOGL",
    "META",
    "NVDA",
    "TSLA",
    "JPM",
    "V",
    "WMT",
    "UNH",
    "BAC",
    "AVGO",
    "COST",
    "LLY",
    "CSCO",
    "SMH",
    "IBB",
    "USO",
    "GDX"
  ],
  "anti_overfit_cv": 1.3692106468220937,
  "scalability": {
    "N2": 0.13623499870300293,
    "N5": 0.3806452751159668,
    "N10": 0.9993009567260742,
    "N20": 3.6166532039642334,
    "N50": 16.511243104934692
  },
  "frtb_r2": 1.0
}